ItemID,Stock change,Timestamp,RunningTotal
2,274,1/1/2021 10:07,274
33,22,1/1/2021 10:18,22
21,6,1/1/2021 10:53,6
3,20,1/1/2021 11:17,20
2,-4,1/1/2021 12:31,270
3,-10,1/1/2021 13:41,10
50,249,4/1/2021 9:16,249
25,79,4/1/2021 9:45,79
50,-16,4/1/2021 11:40,233
25,-6,4/1/2021 12:09,73
33,467,4/1/2021 13:26,489
33,-22,4/1/2021 15:50,467
44,113,4/1/2021 17:39,113
1,24,5/1/2021 9:04,24
41,4,5/1/2021 9:40,4
16,466,5/1/2021 9:49,466
39,23,5/1/2021 10:24,23
1,5,5/1/2021 10:24,29
28,347,5/1/2021 10:47,347
15,249,5/1/2021 11:19,249
47,292,5/1/2021 11:54,292
16,-1,5/1/2021 12:13,465
1,-13,5/1/2021 12:48,16
28,-21,5/1/2021 13:11,326
15,-29,5/1/2021 13:43,220
47,-20,5/1/2021 14:18,272
17,8,6/1/2021 11:05,8
6,304,6/1/2021 11:44,304
16,166,6/1/2021 12:01,631
6,-12,6/1/2021 14:08,292
16,-30,6/1/2021 14:25,601
21,162,6/1/2021 15:32,168
21,-20,6/1/2021 17:56,148
1,-14,7/1/2021 9:54,2
41,-4,7/1/2021 10:39,0
31,238,7/1/2021 13:30,238
3,155,7/1/2021 14:11,165
26,166,7/1/2021 14:33,166
30,287,7/1/2021 14:57,287
31,-25,7/1/2021 15:54,213
3,124,7/1/2021 16:11,289
3,-28,7/1/2021 16:35,261
26,-8,7/1/2021 16:57,158
30,-26,7/1/2021 17:21,261
44,-22,8/1/2021 9:44,91
11,84,11/1/2021 10:06,84
23,22,11/1/2021 10:10,22
13,2,11/1/2021 10:56,2
28,458,11/1/2021 11:08,784
11,-8,11/1/2021 12:30,76
28,-27,11/1/2021 13:32,757
39,410,11/1/2021 14:54,433
4,399,11/1/2021 16:02,399
39,-23,11/1/2021 17:18,410
50,384,12/1/2021 17:56,617
15,-8,13/1/2021 9:40,212
28,362,13/1/2021 13:56,1119
40,350,13/1/2021 14:41,350
8,108,13/1/2021 14:59,108
28,-25,13/1/2021 16:20,1094
40,-13,13/1/2021 17:05,337
8,-2,13/1/2021 17:23,106
36,20,14/1/2021 9:50,20
36,-15,14/1/2021 12:14,5
39,15,14/1/2021 16:27,425
21,335,14/1/2021 17:31,483
8,-17,15/1/2021 9:31,89
6,423,15/1/2021 14:04,715
11,351,15/1/2021 14:21,427
9,106,15/1/2021 14:25,106
6,-18,15/1/2021 16:28,697
11,-6,15/1/2021 16:45,421
9,-28,15/1/2021 16:49,78
41,321,18/1/2021 10:04,321
5,3,18/1/2021 10:15,3
50,-3,18/1/2021 10:36,614
13,-2,18/1/2021 10:43,0
44,117,18/1/2021 11:04,208
41,-17,18/1/2021 12:28,304
44,-24,18/1/2021 13:28,184
43,8,19/1/2021 9:04,8
30,-28,19/1/2021 11:00,233
28,11,19/1/2021 15:08,1105
27,447,19/1/2021 17:04,447
28,-14,19/1/2021 17:32,1091
24,1,20/1/2021 10:10,1
32,170,20/1/2021 10:33,170
32,-28,20/1/2021 12:57,142
23,373,20/1/2021 14:12,395
23,-1,20/1/2021 16:36,394
35,4,21/1/2021 9:05,4
6,327,21/1/2021 9:32,1024
39,80,21/1/2021 10:27,505
17,168,21/1/2021 11:01,176
38,10,21/1/2021 11:43,10
6,-3,21/1/2021 11:56,1021
39,-5,21/1/2021 12:51,500
17,-5,21/1/2021 13:25,171
38,-6,21/1/2021 14:07,4
6,-20,22/1/2021 9:11,1001
5,262,22/1/2021 11:38,265
14,171,22/1/2021 13:34,171
5,-8,22/1/2021 14:02,257
20,76,22/1/2021 14:22,76
9,132,22/1/2021 15:52,210
14,-16,22/1/2021 15:58,155
20,-14,22/1/2021 16:46,62
30,-28,26/1/2021 10:43,205
30,-27,26/1/2021 10:57,178
25,301,26/1/2021 12:30,374
7,231,26/1/2021 14:20,231
25,-19,26/1/2021 14:54,355
42,483,26/1/2021 14:59,483
12,15,26/1/2021 15:09,15
7,-28,26/1/2021 16:44,203
42,-7,26/1/2021 17:23,476
12,-12,26/1/2021 17:33,3
50,-21,27/1/2021 9:10,593
16,221,27/1/2021 10:16,822
3,20,27/1/2021 11:39,281
21,320,27/1/2021 12:11,803
16,-11,27/1/2021 12:40,811
45,365,27/1/2021 13:12,365
3,-13,27/1/2021 14:03,268
21,-26,27/1/2021 14:35,777
45,-26,27/1/2021 15:36,339
14,-28,28/1/2021 8:55,127
15,163,28/1/2021 9:53,375
30,462,28/1/2021 11:12,640
15,-9,28/1/2021 12:17,366
30,-17,28/1/2021 13:36,623
40,63,28/1/2021 15:25,400
40,-15,28/1/2021 17:49,385
40,-27,29/1/2021 10:05,358
27,19,29/1/2021 16:35,466
27,205,1/2/2021 9:28,671
27,-17,1/2/2021 11:52,654
50,166,1/2/2021 14:22,759
50,-21,1/2/2021 16:46,738
18,222,1/2/2021 17:38,222
30,355,2/2/2021 11:36,978
35,13,2/2/2021 12:08,17
30,-27,2/2/2021 14:00,951
35,-6,2/2/2021 14:32,11
14,348,2/2/2021 17:56,475
36,-2,3/2/2021 9:01,3
40,17,3/2/2021 10:55,375
40,-24,3/2/2021 13:19,351
35,404,4/2/2021 10:18,415
35,-25,4/2/2021 12:42,390
16,283,4/2/2021 13:10,1094
16,-3,4/2/2021 15:34,1091
31,322,5/2/2021 9:41,535
20,389,5/2/2021 10:17,451
31,-29,5/2/2021 12:05,506
41,158,5/2/2021 12:10,462
20,-30,5/2/2021 12:41,421
2,280,5/2/2021 13:42,550
41,-27,5/2/2021 14:34,435
2,-8,5/2/2021 16:06,542
19,232,8/2/2021 10:27,232
6,315,8/2/2021 11:45,1316
19,-7,8/2/2021 12:51,225
6,-11,8/2/2021 14:09,1305
21,43,8/2/2021 14:33,820
11,255,8/2/2021 16:04,676
21,-4,8/2/2021 16:57,816
48,23,9/2/2021 9:30,23
44,-13,9/2/2021 10:11,171
34,491,9/2/2021 10:16,491
21,415,9/2/2021 11:29,1231
48,-18,9/2/2021 11:54,5
34,-26,9/2/2021 12:40,465
21,-12,9/2/2021 13:53,1219
32,45,9/2/2021 15:43,187
15,232,9/2/2021 16:20,598
11,323,10/2/2021 8:54,999
11,-11,10/2/2021 11:18,988
9,393,10/2/2021 12:17,603
28,77,10/2/2021 12:21,1168
38,59,10/2/2021 14:04,63
40,412,10/2/2021 14:35,763
9,-29,10/2/2021 14:41,574
28,-27,10/2/2021 14:45,1141
21,471,10/2/2021 15:09,1690
45,427,10/2/2021 15:31,766
38,-18,10/2/2021 16:28,45
40,-26,10/2/2021 16:59,737
21,-29,10/2/2021 17:33,1661
45,-30,10/2/2021 17:55,736
19,-26,11/2/2021 10:42,199
46,403,12/2/2021 8:56,403
39,-1,12/2/2021 9:57,499
10,403,12/2/2021 9:59,403
8,-25,12/2/2021 10:47,64
46,-5,12/2/2021 11:20,398
10,-10,12/2/2021 12:23,393
45,327,12/2/2021 14:36,1063
45,-17,12/2/2021 17:00,1046
37,26,15/2/2021 10:04,26
27,-30,15/2/2021 10:11,624
48,29,15/2/2021 17:48,34
29,9,16/2/2021 9:29,9
40,376,16/2/2021 17:10,1113
23,256,17/2/2021 9:21,650
22,441,17/2/2021 10:43,441
23,-26,17/2/2021 11:45,624
22,-6,17/2/2021 13:07,435
11,364,17/2/2021 14:07,1352
11,-19,17/2/2021 16:31,1333
24,-1,18/2/2021 9:05,0
44,-12,18/2/2021 10:33,159
28,213,18/2/2021 12:56,1354
28,-16,18/2/2021 15:20,1338
49,282,18/2/2021 15:43,282
14,353,18/2/2021 16:57,828
14,-4,19/2/2021 9:38,824
24,175,19/2/2021 12:53,175
24,-11,19/2/2021 15:17,164
21,269,22/2/2021 8:56,1930
15,-10,22/2/2021 10:52,588
21,-6,22/2/2021 11:20,1924
21,281,22/2/2021 13:27,2205
42,153,22/2/2021 14:11,629
21,-15,22/2/2021 15:51,2190
42,-15,22/2/2021 16:35,614
43,239,22/2/2021 17:13,247
33,-4,23/2/2021 11:13,463
21,411,23/2/2021 13:01,2601
37,281,23/2/2021 13:30,307
21,-22,23/2/2021 15:25,2579
37,-28,23/2/2021 15:54,279
23,350,23/2/2021 17:31,974
24,248,24/2/2021 9:18,412
24,-23,24/2/2021 11:42,389
5,271,24/2/2021 11:54,528
5,-23,24/2/2021 14:18,505
4,355,24/2/2021 16:03,754
45,135,25/2/2021 8:57,1181
28,134,25/2/2021 10:41,1472
45,-27,25/2/2021 11:21,1154
28,-6,25/2/2021 13:05,1466
11,40,25/2/2021 16:13,1373
32,320,26/2/2021 12:42,507
1,296,26/2/2021 13:37,298
32,-16,26/2/2021 15:06,491
1,-15,26/2/2021 16:01,283
42,-2,3/3/2021 9:53,612
27,187,3/3/2021 13:14,811
4,132,3/3/2021 14:31,886
49,321,3/3/2021 15:00,603
27,-18,3/3/2021 15:38,793
21,258,3/3/2021 16:22,2837
4,-16,3/3/2021 16:55,870
30,322,3/3/2021 17:13,1273
49,-11,3/3/2021 17:24,592
17,357,4/3/2021 9:14,528
22,-15,4/3/2021 10:27,420
17,-10,4/3/2021 11:38,518
28,469,4/3/2021 11:58,1935
26,44,4/3/2021 13:32,202
28,-13,4/3/2021 14:22,1922
11,71,4/3/2021 15:21,1444
26,-1,4/3/2021 15:56,201
11,-17,4/3/2021 17:45,1427
30,107,5/3/2021 9:14,1380
30,-9,5/3/2021 11:38,1371
34,131,5/3/2021 11:50,596
34,-26,5/3/2021 14:14,570
31,109,5/3/2021 17:49,615
29,363,8/3/2021 10:49,372
19,-19,8/3/2021 11:14,180
32,357,8/3/2021 12:53,848
29,-29,8/3/2021 13:13,343
32,-3,8/3/2021 15:17,845
21,490,8/3/2021 17:19,3327
19,-24,9/3/2021 9:19,156
21,453,9/3/2021 11:42,3780
20,13,9/3/2021 12:37,434
21,-24,9/3/2021 14:06,3756
20,-27,9/3/2021 15:01,407
10,389,9/3/2021 15:17,782
10,-5,9/3/2021 17:41,777
36,89,10/3/2021 13:05,92
30,298,10/3/2021 13:28,1669
36,-20,10/3/2021 15:29,72
30,-10,10/3/2021 15:52,1659
48,464,10/3/2021 16:08,498
22,357,11/3/2021 9:56,777
17,121,11/3/2021 9:59,639
29,399,11/3/2021 10:08,742
22,-20,11/3/2021 12:20,757
17,-18,11/3/2021 12:23,621
29,-26,11/3/2021 12:32,716
36,251,11/3/2021 13:12,323
21,39,11/3/2021 14:38,3795
36,-1,11/3/2021 15:36,322
6,426,11/3/2021 15:45,1731
21,-10,11/3/2021 17:02,3785
43,217,11/3/2021 17:57,464
45,-25,12/3/2021 10:08,1129
13,399,12/3/2021 17:51,399
19,258,15/3/2021 9:51,414
19,-1,15/3/2021 12:15,413
3,238,15/3/2021 12:50,506
40,243,15/3/2021 13:14,1356
4,268,15/3/2021 14:46,1138
3,-23,15/3/2021 15:14,483
40,-3,15/3/2021 15:38,1353
4,-17,15/3/2021 17:10,1121
37,-21,16/3/2021 9:12,258
20,174,16/3/2021 13:31,581
20,-25,16/3/2021 15:55,556
33,102,16/3/2021 17:20,565
42,279,17/3/2021 13:52,891
16,323,17/3/2021 14:40,1414
26,174,17/3/2021 15:45,375
42,-1,17/3/2021 16:16,890
16,-20,17/3/2021 17:04,1394
27,476,18/3/2021 8:59,1269
24,-29,18/3/2021 11:15,360
27,-17,18/3/2021 11:23,1252
46,456,18/3/2021 11:41,854
46,-7,18/3/2021 14:05,847
41,60,22/3/2021 9:21,495
45,495,22/3/2021 10:42,1624
41,-14,22/3/2021 11:45,481
45,-6,22/3/2021 13:06,1618
6,176,22/3/2021 13:28,1907
6,-30,22/3/2021 15:52,1877
2,443,22/3/2021 16:11,985
48,431,23/3/2021 9:17,929
48,-11,23/3/2021 11:41,918
15,307,23/3/2021 14:49,895
16,232,23/3/2021 15:01,1626
15,-18,23/3/2021 17:13,877
16,-27,23/3/2021 17:25,1599
6,500,23/3/2021 17:54,2377
7,-20,24/3/2021 9:05,183
23,-3,24/3/2021 9:14,971
18,171,24/3/2021 9:57,393
16,286,24/3/2021 10:22,1885
18,-26,24/3/2021 12:21,367
25,365,24/3/2021 12:46,720
16,-1,24/3/2021 12:46,1884
8,263,24/3/2021 13:33,327
25,-7,24/3/2021 15:10,713
8,-4,24/3/2021 15:57,323
40,-5,25/3/2021 9:17,1348
32,75,25/3/2021 10:29,920
47,61,25/3/2021 12:26,333
32,-30,25/3/2021 12:53,890
47,-2,25/3/2021 14:50,331
42,368,26/3/2021 13:24,1258
3,412,26/3/2021 15:41,895
42,-5,26/3/2021 15:48,1253
50,175,26/3/2021 16:08,913
18,234,26/3/2021 17:58,601
7,421,29/3/2021 10:39,604
7,-10,29/3/2021 13:03,594
28,385,29/3/2021 14:26,2307
28,-21,29/3/2021 16:50,2286
9,86,30/3/2021 8:55,660
46,401,30/3/2021 10:22,1248
15,-26,30/3/2021 10:26,851
9,-9,30/3/2021 11:19,651
16,82,30/3/2021 12:25,1966
46,-10,30/3/2021 12:46,1238
18,383,30/3/2021 13:48,984
16,-6,30/3/2021 14:49,1960
18,-17,30/3/2021 16:12,967
46,-19,31/3/2021 9:31,1219
26,-13,31/3/2021 9:49,362
23,228,31/3/2021 13:11,1199
43,220,31/3/2021 14:26,684
23,-2,31/3/2021 15:35,1197
43,-5,31/3/2021 16:50,679
15,204,31/3/2021 17:54,1055
20,-29,1/4/2021 9:06,527
43,336,1/4/2021 14:20,1015
43,-22,1/4/2021 16:44,993
45,-27,2/4/2021 10:41,1591
20,235,5/4/2021 9:12,762
29,110,5/4/2021 10:24,826
20,-27,5/4/2021 11:36,735
8,104,5/4/2021 11:51,427
29,-21,5/4/2021 12:48,805
8,-4,5/4/2021 14:15,423
33,197,5/4/2021 14:44,762
33,-3,5/4/2021 17:08,759
6,43,6/4/2021 10:32,2420
26,271,6/4/2021 11:49,633
6,-11,6/4/2021 12:56,2409
26,-28,6/4/2021 14:13,605
27,71,6/4/2021 16:43,1323
13,297,6/4/2021 16:51,696
17,-3,7/4/2021 9:46,618
4,-17,7/4/2021 10:14,1104
20,-9,7/4/2021 10:52,726
30,172,7/4/2021 12:20,1831
30,-4,7/4/2021 14:44,1827
15,205,7/4/2021 17:40,1260
7,21,8/4/2021 11:10,615
45,8,8/4/2021 11:12,1599
7,-23,8/4/2021 13:34,592
45,-20,8/4/2021 13:36,1579
34,238,8/4/2021 13:57,808
50,26,8/4/2021 14:25,939
28,388,8/4/2021 14:40,2674
34,-10,8/4/2021 16:21,798
45,496,8/4/2021 16:42,2075
50,-21,8/4/2021 16:49,918
28,-13,8/4/2021 17:04,2661
47,211,8/4/2021 17:09,542
21,74,8/4/2021 17:21,3859
18,-19,12/4/2021 10:12,948
43,472,12/4/2021 13:21,1465
6,496,12/4/2021 14:42,2905
43,-17,12/4/2021 15:45,1448
33,363,12/4/2021 16:56,1122
6,-19,12/4/2021 17:06,2886
34,357,13/4/2021 10:08,1155
34,-12,13/4/2021 12:32,1143
24,222,13/4/2021 16:46,582
26,192,14/4/2021 11:09,797
45,350,14/4/2021 11:38,2425
21,499,14/4/2021 12:13,4358
26,-7,14/4/2021 13:33,790
45,-4,14/4/2021 14:02,2421
21,-14,14/4/2021 14:37,4344
37,18,14/4/2021 16:17,276
2,463,14/4/2021 17:03,1448
13,-6,15/4/2021 9:10,690
18,296,15/4/2021 9:20,1244
46,488,15/4/2021 10:22,1707
45,346,15/4/2021 11:09,2767
18,-9,15/4/2021 11:44,1235
46,-5,15/4/2021 12:46,1702
45,-29,15/4/2021 13:33,2738
23,253,16/4/2021 12:21,1450
22,56,16/4/2021 13:36,813
23,-11,16/4/2021 14:45,1439
22,-11,16/4/2021 16:00,802
17,325,16/4/2021 17:55,943
12,55,19/4/2021 9:21,58
13,-22,19/4/2021 9:39,668
32,1,19/4/2021 10:09,891
30,-9,19/4/2021 10:13,1818
16,-10,19/4/2021 10:41,1950
12,-27,19/4/2021 11:45,31
32,-6,19/4/2021 12:33,885
46,64,19/4/2021 13:26,1766
46,-8,19/4/2021 15:50,1758
4,267,20/4/2021 9:14,1371
3,389,20/4/2021 9:45,1284
4,-1,20/4/2021 11:38,1370
3,-7,20/4/2021 12:09,1277
44,449,20/4/2021 12:30,608
14,286,20/4/2021 12:32,1110
9,318,20/4/2021 13:01,969
32,254,20/4/2021 13:16,1139
44,-28,20/4/2021 14:54,580
14,-5,20/4/2021 14:56,1105
9,-21,20/4/2021 15:25,948
32,-13,20/4/2021 15:40,1126
40,328,20/4/2021 17:03,1676
2,10,21/4/2021 16:28,1458
11,-5,22/4/2021 9:05,1422
26,452,22/4/2021 9:06,1242
49,-1,22/4/2021 10:37,591
26,-17,22/4/2021 11:30,1225
29,52,22/4/2021 11:39,857
12,304,22/4/2021 13:17,335
6,244,22/4/2021 14:03,3130
29,-22,22/4/2021 14:03,835
12,-14,22/4/2021 15:41,321
6,-10,22/4/2021 16:27,3120
43,252,22/4/2021 17:12,1700
37,51,22/4/2021 17:55,327
19,34,26/4/2021 15:54,447
32,364,26/4/2021 16:40,1490
46,-3,27/4/2021 10:04,1755
15,44,27/4/2021 10:12,1304
17,162,27/4/2021 10:28,1105
35,-2,27/4/2021 10:47,388
15,-9,27/4/2021 12:36,1295
17,-20,27/4/2021 12:52,1085
7,481,27/4/2021 13:07,1073
7,-25,27/4/2021 15:31,1048
45,122,28/4/2021 16:25,2860
33,231,28/4/2021 17:00,1353
10,186,28/4/2021 17:08,963
25,-24,29/4/2021 9:07,689
17,7,29/4/2021 11:31,1092
25,128,29/4/2021 11:52,817
47,92,29/4/2021 12:43,634
27,195,29/4/2021 12:53,1518
17,-22,29/4/2021 13:55,1070
25,-27,29/4/2021 14:16,790
47,-2,29/4/2021 15:07,632
27,-8,29/4/2021 15:17,1510
32,466,29/4/2021 16:43,1956
11,42,29/4/2021 17:10,1464
23,-9,30/4/2021 9:15,1430
19,415,30/4/2021 10:41,862
19,-7,30/4/2021 13:05,855
4,119,30/4/2021 13:13,1489
4,-26,30/4/2021 15:37,1463
39,470,30/4/2021 15:53,969
10,28,30/4/2021 17:19,991
42,373,3/5/2021 10:00,1626
4,135,3/5/2021 10:04,1598
8,338,3/5/2021 11:58,761
42,-6,3/5/2021 12:24,1620
4,-19,3/5/2021 12:28,1579
32,263,3/5/2021 13:14,2219
35,203,3/5/2021 13:50,591
8,-24,3/5/2021 14:22,737
32,-19,3/5/2021 15:38,2200
35,-18,3/5/2021 16:14,573
28,19,3/5/2021 17:48,2680
32,-8,4/5/2021 10:30,2192
32,193,4/5/2021 11:29,2385
32,-1,4/5/2021 13:53,2384
21,253,4/5/2021 15:19,4597
20,55,4/5/2021 16:11,781
21,94,4/5/2021 17:14,4691
9,105,4/5/2021 17:21,1053
21,-13,4/5/2021 17:43,4678
7,287,4/5/2021 17:54,1335
43,288,5/5/2021 12:53,1988
35,193,5/5/2021 14:05,766
49,17,5/5/2021 14:07,608
43,-21,5/5/2021 15:17,1967
35,-10,5/5/2021 16:29,756
49,-15,5/5/2021 16:31,593
14,132,5/5/2021 17:42,1237
4,99,6/5/2021 10:52,1678
32,271,6/5/2021 11:10,2655
42,34,6/5/2021 12:35,1654
4,-21,6/5/2021 13:16,1657
32,-30,6/5/2021 13:34,2625
36,142,6/5/2021 14:42,464
42,-3,6/5/2021 14:59,1651
34,288,6/5/2021 15:17,1431
36,-25,6/5/2021 17:06,439
34,-10,6/5/2021 17:41,1421
32,424,7/5/2021 9:13,3049
28,127,7/5/2021 9:50,2807
38,76,7/5/2021 10:04,121
32,-2,7/5/2021 11:37,3047
28,-27,7/5/2021 12:14,2780
38,-7,7/5/2021 12:28,114
2,431,7/5/2021 12:37,1889
40,412,7/5/2021 13:49,2088
2,-23,7/5/2021 15:01,1866
40,-19,7/5/2021 16:13,2069
39,-5,10/5/2021 9:27,964
41,51,10/5/2021 15:19,532
41,-19,10/5/2021 17:43,513
6,286,11/5/2021 9:04,3406
2,-8,11/5/2021 9:17,1858
18,117,11/5/2021 9:58,1352
6,-23,11/5/2021 11:28,3383
18,-8,11/5/2021 12:22,1344
1,157,11/5/2021 13:26,440
45,32,11/5/2021 13:38,2892
34,270,11/5/2021 15:48,1691
1,-19,11/5/2021 15:50,421
45,-15,11/5/2021 16:02,2877
34,28,12/5/2021 9:46,1719
34,-23,12/5/2021 12:10,1696
32,427,13/5/2021 14:10,3474
7,227,13/5/2021 15:22,1562
19,377,13/5/2021 15:49,1232
32,-6,13/5/2021 16:34,3468
7,-13,13/5/2021 17:46,1549
42,-16,14/5/2021 9:05,1635
49,227,14/5/2021 12:47,820
49,-18,14/5/2021 15:11,802
48,474,18/5/2021 11:29,1392
48,-8,18/5/2021 13:53,1384
20,310,19/5/2021 12:48,1091
20,-6,19/5/2021 15:12,1085
29,130,19/5/2021 17:49,965
9,-16,20/5/2021 10:08,1037
15,258,20/5/2021 13:34,1553
15,-23,20/5/2021 15:58,1530
49,92,20/5/2021 17:26,894
42,-30,21/5/2021 9:31,1605
32,-20,21/5/2021 11:01,3448
29,6,21/5/2021 11:02,971
47,452,21/5/2021 12:07,1084
47,155,21/5/2021 12:09,1239
29,-29,21/5/2021 13:26,942
34,250,21/5/2021 14:09,1946
47,-15,21/5/2021 14:31,1224
47,-4,21/5/2021 14:33,1220
48,238,21/5/2021 14:54,1622
34,-28,21/5/2021 16:33,1918
48,-21,21/5/2021 17:18,1601
45,-24,24/5/2021 9:38,2853
17,-29,24/5/2021 10:32,1041
11,450,24/5/2021 12:12,1914
11,-9,24/5/2021 14:36,1905
16,358,24/5/2021 15:14,2308
16,-22,24/5/2021 17:38,2286
41,233,25/5/2021 9:20,746
41,-20,25/5/2021 11:44,726
15,193,25/5/2021 13:15,1723
15,-9,25/5/2021 15:39,1714
9,126,25/5/2021 16:01,1163
27,139,26/5/2021 11:08,1649
27,-27,26/5/2021 13:32,1622
21,160,26/5/2021 15:06,4838
21,-5,26/5/2021 17:30,4833
46,448,27/5/2021 9:00,2203
30,-30,27/5/2021 10:23,1788
5,-25,27/5/2021 11:12,480
46,-11,27/5/2021 11:24,2192
29,226,27/5/2021 12:29,1168
19,408,27/5/2021 14:27,1640
31,428,27/5/2021 14:34,1043
29,-16,27/5/2021 14:53,1152
19,-30,27/5/2021 16:51,1610
31,-5,27/5/2021 16:58,1038
40,-3,28/5/2021 10:08,2066
14,-6,28/5/2021 10:33,1231
1,333,28/5/2021 11:32,754
33,20,28/5/2021 13:13,1373
1,-12,28/5/2021 13:56,742
33,-29,28/5/2021 15:37,1344
48,243,28/5/2021 16:53,1844
20,-28,31/5/2021 9:20,1057
6,177,31/5/2021 10:38,3560
4,-1,31/5/2021 10:53,1656
22,178,31/5/2021 11:01,980
6,-2,31/5/2021 13:02,3558
22,-6,31/5/2021 13:25,974
13,402,31/5/2021 14:38,1070
5,403,31/5/2021 15:02,883
13,-10,31/5/2021 17:02,1060
5,-13,31/5/2021 17:26,870
26,-27,1/6/2021 10:57,1198
24,369,1/6/2021 12:19,951
21,441,1/6/2021 13:45,5274
24,-30,1/6/2021 14:43,921
24,443,1/6/2021 15:58,1364
21,-5,1/6/2021 16:09,5269
35,186,2/6/2021 10:52,942
35,-14,2/6/2021 13:16,928
28,60,2/6/2021 14:47,2840
28,-3,2/6/2021 17:11,2837
12,-20,3/6/2021 10:26,301
24,139,3/6/2021 14:01,1503
46,383,3/6/2021 14:41,2575
7,118,3/6/2021 15:47,1667
24,-27,3/6/2021 16:25,1476
46,-8,3/6/2021 17:05,2567
13,-15,7/6/2021 8:55,1045
2,270,7/6/2021 10:57,2128
17,437,7/6/2021 11:08,1478
47,428,7/6/2021 11:52,1648
2,-22,7/6/2021 13:21,2106
17,-10,7/6/2021 13:32,1468
30,66,7/6/2021 13:40,1854
1,362,7/6/2021 13:41,1104
47,-26,7/6/2021 14:16,1622
30,-6,7/6/2021 16:04,1848
1,-29,7/6/2021 16:05,1075
39,162,7/6/2021 16:31,1126
50,52,8/6/2021 10:22,970
9,-8,8/6/2021 10:23,1155
50,-9,8/6/2021 12:46,961
12,72,8/6/2021 14:39,373
50,321,8/6/2021 15:22,1282
12,-7,8/6/2021 17:03,366
50,-23,8/6/2021 17:46,1259
45,453,9/6/2021 10:09,3306
11,285,9/6/2021 10:21,2190
2,-1,9/6/2021 10:23,2105
41,154,9/6/2021 11:04,880
37,96,9/6/2021 11:47,423
45,-7,9/6/2021 12:33,3299
11,-12,9/6/2021 12:45,2178
12,415,9/6/2021 13:23,781
41,-11,9/6/2021 13:28,869
37,-13,9/6/2021 14:11,410
12,-2,9/6/2021 15:47,779
48,440,9/6/2021 15:57,2284
20,284,9/6/2021 17:58,1341
49,330,10/6/2021 10:23,1224
36,309,10/6/2021 10:30,748
49,-25,10/6/2021 12:47,1199
36,-30,10/6/2021 12:54,718
28,491,10/6/2021 14:51,3328
9,381,10/6/2021 15:52,1536
37,391,10/6/2021 16:31,801
28,-9,10/6/2021 17:15,3319
49,-30,11/6/2021 10:41,1169
6,56,11/6/2021 11:15,3614
6,-18,11/6/2021 13:39,3596
9,169,11/6/2021 17:10,1705
20,-10,14/6/2021 9:21,1331
28,-23,14/6/2021 9:21,3296
21,-24,14/6/2021 10:02,5245
39,71,14/6/2021 11:52,1197
39,-7,14/6/2021 14:16,1190
47,123,14/6/2021 16:36,1745
34,393,14/6/2021 16:41,2311
20,-23,15/6/2021 9:10,1308
21,-30,15/6/2021 9:17,5215
46,-15,15/6/2021 10:17,2552
41,-21,15/6/2021 11:00,848
16,-10,15/6/2021 11:09,2276
32,130,15/6/2021 11:36,3578
32,-24,15/6/2021 14:00,3554
50,453,15/6/2021 15:26,1712
50,-1,15/6/2021 17:50,1711
46,-22,16/6/2021 10:46,2530
32,-10,16/6/2021 10:48,3544
38,-17,16/6/2021 11:13,97
8,416,16/6/2021 13:24,1153
8,-7,16/6/2021 15:48,1146
10,134,16/6/2021 15:51,1125
14,155,16/6/2021 17:27,1386
18,171,16/6/2021 17:50,1515
1,24,17/6/2021 15:32,1099
1,-17,17/6/2021 17:56,1082
37,120,18/6/2021 10:04,921
45,254,18/6/2021 12:16,3553
37,-10,18/6/2021 12:28,911
45,-1,18/6/2021 14:40,3552
4,101,18/6/2021 15:38,1757
22,42,18/6/2021 16:05,1016
11,276,18/6/2021 16:53,2454
46,49,21/6/2021 17:23,2579
37,378,22/6/2021 11:19,1289
37,-3,22/6/2021 13:43,1286
37,262,22/6/2021 15:35,1548
37,-1,22/6/2021 17:59,1547
21,-8,23/6/2021 9:17,5207
42,105,23/6/2021 14:33,1710
25,393,23/6/2021 15:47,1183
42,-25,23/6/2021 16:57,1685
34,-23,24/6/2021 8:56,2288
50,426,24/6/2021 13:16,2137
50,2,24/6/2021 14:33,2139
50,-22,24/6/2021 15:40,2117
50,-5,24/6/2021 16:57,2112
20,117,25/6/2021 12:06,1425
20,-3,25/6/2021 14:30,1422
37,297,25/6/2021 14:37,1844
37,-27,25/6/2021 17:01,1817
36,-5,28/6/2021 10:49,713
23,212,28/6/2021 15:12,1642
23,-16,28/6/2021 17:36,1626
38,127,29/6/2021 9:16,224
20,-5,29/6/2021 9:20,1417
27,-28,29/6/2021 10:29,1594
38,-8,29/6/2021 11:40,216
32,288,29/6/2021 17:40,3832
12,102,30/6/2021 9:55,881
12,-25,30/6/2021 12:19,856
11,-27,1/7/2021 9:12,2427
16,45,1/7/2021 9:14,2321
13,75,1/7/2021 10:00,1120
16,-20,1/7/2021 11:38,2301
13,-29,1/7/2021 12:24,1091
36,19,1/7/2021 15:17,732
33,327,1/7/2021 15:35,1671
8,265,1/7/2021 17:35,1411
36,-7,1/7/2021 17:41,725
33,-16,1/7/2021 17:59,1655
16,245,2/7/2021 9:42,2546
34,-21,2/7/2021 9:54,2267
44,291,2/7/2021 10:20,871
10,-27,2/7/2021 10:37,1098
4,-1,2/7/2021 11:02,1756
16,-20,2/7/2021 12:06,2526
44,-26,2/7/2021 12:44,845
3,104,2/7/2021 16:27,1381
42,-24,5/7/2021 11:06,1661
9,304,5/7/2021 12:14,2009
9,-18,5/7/2021 14:38,1991
26,-8,6/7/2021 9:26,1190
39,387,6/7/2021 12:28,1577
28,22,6/7/2021 14:05,3318
26,299,6/7/2021 14:46,1489
39,-9,6/7/2021 14:52,1568
35,124,6/7/2021 15:50,1052
17,386,6/7/2021 16:11,1854
28,-13,6/7/2021 16:29,3305
26,-13,6/7/2021 17:10,1476
37,388,6/7/2021 17:38,2205
42,362,7/7/2021 9:51,2023
42,-12,7/7/2021 12:15,2011
31,430,7/7/2021 13:19,1468
31,-23,7/7/2021 15:43,1445
32,20,7/7/2021 16:32,3852
30,-22,8/7/2021 9:29,1826
24,-5,8/7/2021 10:05,1471
49,-29,8/7/2021 10:44,1140
10,83,8/7/2021 12:08,1181
10,-15,8/7/2021 14:32,1166
44,410,8/7/2021 16:24,1255
17,340,9/7/2021 11:18,2194
17,-2,9/7/2021 13:42,2192
47,282,9/7/2021 16:44,2027
49,36,9/7/2021 16:57,1176
8,42,12/7/2021 14:26,1453
44,461,12/7/2021 16:10,1716
8,-11,12/7/2021 16:50,1442
48,1,13/7/2021 9:45,2285
9,309,13/7/2021 11:26,2300
2,151,13/7/2021 11:28,2256
27,102,13/7/2021 12:07,1696
48,-28,13/7/2021 12:09,2257
14,213,13/7/2021 12:45,1599
9,-22,13/7/2021 13:50,2278
2,-16,13/7/2021 13:52,2240
27,-25,13/7/2021 14:31,1671
14,-27,13/7/2021 15:09,1572
17,-29,14/7/2021 9:14,2163
20,-13,14/7/2021 9:19,1404
34,284,14/7/2021 16:34,2551
28,-16,15/7/2021 8:53,3289
27,486,15/7/2021 10:27,2157
29,-17,15/7/2021 10:29,1135
26,58,15/7/2021 10:54,1534
11,366,15/7/2021 12:40,2793
12,178,15/7/2021 12:48,1034
27,-26,15/7/2021 12:51,2131
26,-5,15/7/2021 13:18,1529
11,-21,15/7/2021 15:04,2772
12,-10,15/7/2021 15:12,1024
4,34,15/7/2021 16:25,1790
4,165,16/7/2021 10:22,1955
4,-21,16/7/2021 12:46,1934
10,91,16/7/2021 16:31,1257
37,215,16/7/2021 17:02,2420
2,18,16/7/2021 17:35,2258
36,466,19/7/2021 9:14,1191
36,-9,19/7/2021 11:38,1182
48,135,19/7/2021 12:43,2392
22,315,19/7/2021 13:13,1331
48,-15,19/7/2021 15:07,2377
22,-18,19/7/2021 15:37,1313
18,63,19/7/2021 16:04,1578
38,90,20/7/2021 11:20,306
32,297,20/7/2021 13:15,4149
38,-28,20/7/2021 13:44,278
32,-18,20/7/2021 15:39,4131
20,152,21/7/2021 9:45,1556
19,183,21/7/2021 10:39,1793
20,-10,21/7/2021 12:09,1546
1,433,21/7/2021 12:48,1515
19,-4,21/7/2021 13:03,1789
1,-24,21/7/2021 15:12,1491
15,-8,22/7/2021 9:53,1706
37,25,22/7/2021 11:06,2445
13,322,22/7/2021 12:05,1413
37,-1,22/7/2021 13:30,2444
13,-19,22/7/2021 14:29,1394
49,-15,23/7/2021 10:08,1161
16,56,23/7/2021 10:10,2582
19,-2,23/7/2021 10:39,1787
16,-5,23/7/2021 12:34,2577
31,247,23/7/2021 14:53,1692
37,163,23/7/2021 15:00,2607
28,194,23/7/2021 16:06,3483
31,-11,23/7/2021 17:17,1681
37,-19,23/7/2021 17:24,2588
11,20,23/7/2021 17:33,2792
45,-22,26/7/2021 10:25,3530
27,178,26/7/2021 12:02,2309
27,-23,26/7/2021 14:26,2286
25,423,26/7/2021 17:28,1606
28,64,27/7/2021 9:50,3547
40,-30,27/7/2021 10:41,2036
38,308,27/7/2021 10:55,586
34,-9,27/7/2021 11:09,2542
28,-18,27/7/2021 12:14,3529
38,-1,27/7/2021 13:19,585
39,409,27/7/2021 15:31,1977
39,-13,27/7/2021 17:55,1964
21,5,28/7/2021 9:50,5212
21,-26,28/7/2021 12:14,5186
2,-25,29/7/2021 10:46,2233
20,346,29/7/2021 11:28,1892
47,175,29/7/2021 13:31,2202
20,-7,29/7/2021 13:52,1885
47,-1,29/7/2021 15:55,2201
48,102,30/7/2021 10:50,2479
48,-4,30/7/2021 13:14,2475
25,395,30/7/2021 14:27,2001
25,-6,30/7/2021 16:51,1995
9,487,30/7/2021 17:23,2765
27,500,2/8/2021 9:39,2786
27,-4,2/8/2021 12:03,2782
8,92,2/8/2021 12:27,1534
48,322,2/8/2021 13:09,2797
8,-28,2/8/2021 14:51,1506
48,-9,2/8/2021 15:33,2788
36,254,2/8/2021 17:49,1436
13,-11,3/8/2021 9:28,1383
25,245,3/8/2021 11:47,2240
41,129,3/8/2021 13:07,977
21,236,3/8/2021 14:10,5422
25,-11,3/8/2021 14:11,2229
41,-10,3/8/2021 15:31,967
21,-12,3/8/2021 16:34,5410
16,116,4/8/2021 11:52,2693
16,-7,4/8/2021 14:16,2686
2,242,4/8/2021 17:38,2475
42,107,5/8/2021 9:42,2118
36,-4,5/8/2021 10:08,1432
42,-20,5/8/2021 12:06,2098
47,53,5/8/2021 13:49,2254
47,-21,5/8/2021 16:13,2233
33,449,6/8/2021 11:43,2104
33,-13,6/8/2021 14:07,2091
38,7,9/8/2021 9:51,592
18,101,9/8/2021 10:01,1679
17,-30,9/8/2021 11:13,2133
25,13,9/8/2021 11:19,2242
38,-30,9/8/2021 12:15,562
18,-10,9/8/2021 12:25,1669
25,-4,9/8/2021 13:43,2238
6,326,9/8/2021 14:31,3922
19,34,9/8/2021 15:10,1821
6,-11,9/8/2021 16:55,3911
19,-5,9/8/2021 17:34,1816
42,-21,10/8/2021 10:08,2077
26,22,10/8/2021 16:11,1551
15,-6,11/8/2021 9:13,1700
14,-23,11/8/2021 10:01,1549
13,-28,11/8/2021 10:10,1355
8,132,11/8/2021 16:28,1638
34,98,12/8/2021 10:24,2640
34,-11,12/8/2021 12:48,2629
2,471,12/8/2021 15:10,2946
22,41,12/8/2021 17:08,1354
2,-9,12/8/2021 17:34,2937
40,366,13/8/2021 14:13,2402
40,-20,13/8/2021 16:37,2382
30,342,13/8/2021 17:11,2168
38,-7,16/8/2021 9:13,555
9,314,16/8/2021 12:31,3079
9,-16,16/8/2021 14:55,3063
20,279,17/8/2021 9:01,2164
24,297,17/8/2021 10:01,1768
32,464,17/8/2021 10:27,4595
7,-13,17/8/2021 10:34,1654
6,161,17/8/2021 11:15,4072
20,-17,17/8/2021 11:25,2147
6,145,17/8/2021 12:14,4217
24,-18,17/8/2021 12:25,1750
32,-12,17/8/2021 12:51,4583
31,303,17/8/2021 13:23,1984
6,-9,17/8/2021 13:39,4208
6,-11,17/8/2021 14:38,4197
42,206,17/8/2021 15:11,2283
31,-28,17/8/2021 15:47,1956
44,100,17/8/2021 17:23,1816
42,-5,17/8/2021 17:35,2278
18,214,18/8/2021 8:57,1883
39,162,18/8/2021 9:15,2126
9,441,18/8/2021 10:09,3504
18,-22,18/8/2021 11:21,1861
39,-26,18/8/2021 11:39,2100
13,75,18/8/2021 12:23,1430
9,-10,18/8/2021 12:33,3494
13,-9,18/8/2021 14:47,1421
33,452,18/8/2021 14:47,2543
33,316,18/8/2021 16:27,2859
33,-18,18/8/2021 17:11,2841
23,232,19/8/2021 9:34,1858
43,69,19/8/2021 10:28,2036
27,-16,19/8/2021 10:46,2766
23,-9,19/8/2021 11:58,1849
43,-4,19/8/2021 12:52,2032
16,443,19/8/2021 15:35,3129
8,75,19/8/2021 16:34,1713
16,-3,19/8/2021 17:59,3126
8,-16,20/8/2021 9:34,1697
31,416,20/8/2021 15:22,2372
31,-10,20/8/2021 17:46,2362
17,201,24/8/2021 9:10,2334
10,237,24/8/2021 10:48,1494
17,-2,24/8/2021 11:34,2332
2,194,24/8/2021 12:24,3131
10,-4,24/8/2021 13:12,1490
2,-7,24/8/2021 14:48,3124
14,-26,25/8/2021 10:08,1523
49,-22,25/8/2021 10:15,1139
23,184,25/8/2021 10:54,2033
45,477,25/8/2021 11:01,4007
29,3,25/8/2021 12:02,1138
46,380,25/8/2021 13:08,2959
23,-29,25/8/2021 13:18,2004
21,387,25/8/2021 13:25,5797
45,-20,25/8/2021 13:25,3987
29,-18,25/8/2021 14:26,1120
46,-21,25/8/2021 15:32,2938
21,-24,25/8/2021 15:49,5773
16,336,25/8/2021 15:51,3462
2,-1,26/8/2021 8:54,3123
23,-22,26/8/2021 9:16,1982
5,-21,26/8/2021 10:27,849
16,288,26/8/2021 11:07,3750
16,-15,26/8/2021 13:31,3735
16,251,26/8/2021 17:40,3986
9,275,26/8/2021 17:47,3769
13,-7,27/8/2021 9:08,1414
25,473,27/8/2021 9:15,2711
48,87,27/8/2021 9:37,2875
48,-10,27/8/2021 10:15,2865
28,-17,27/8/2021 10:55,3512
25,-6,27/8/2021 11:39,2705
48,-10,27/8/2021 12:01,2855
39,289,27/8/2021 12:02,2389
39,-25,27/8/2021 14:26,2364
39,448,27/8/2021 17:50,2812
43,-22,30/8/2021 9:19,2010
5,214,30/8/2021 9:23,1063
43,-24,30/8/2021 10:54,1986
5,-16,30/8/2021 11:47,1047
4,137,30/8/2021 12:43,2071
4,-27,30/8/2021 15:07,2044
30,-24,31/8/2021 9:32,2144
23,199,31/8/2021 10:16,2181
23,-24,31/8/2021 12:40,2157
46,202,31/8/2021 14:17,3140
34,175,31/8/2021 15:37,2804
46,-12,31/8/2021 16:41,3128
39,262,1/9/2021 9:16,3074
39,-7,1/9/2021 11:40,3067
28,316,1/9/2021 15:24,3828
28,-14,1/9/2021 17:48,3814
9,-24,2/9/2021 10:23,3745
7,406,2/9/2021 11:39,2060
12,467,2/9/2021 12:01,1491
7,-19,2/9/2021 14:03,2041
12,-25,2/9/2021 14:25,1466
44,228,2/9/2021 14:29,2044
2,264,2/9/2021 16:40,3387
44,-13,2/9/2021 16:53,2031
42,-13,3/9/2021 9:13,2265
46,-10,3/9/2021 9:13,3118
34,-21,3/9/2021 9:43,2783
32,255,3/9/2021 11:06,4838
11,471,3/9/2021 11:20,3263
32,-18,3/9/2021 13:30,4820
11,-12,3/9/2021 13:44,3251
18,-9,6/9/2021 9:42,1852
34,-29,6/9/2021 10:31,2754
50,316,6/9/2021 14:34,2428
1,56,6/9/2021 14:51,1547
50,-24,6/9/2021 16:58,2404
41,349,6/9/2021 17:02,1316
1,-4,6/9/2021 17:15,1543
34,215,6/9/2021 17:47,2969
25,251,7/9/2021 11:33,2956
15,38,7/9/2021 11:36,1738
13,257,7/9/2021 11:41,1671
21,160,7/9/2021 12:37,5933
25,-12,7/9/2021 13:57,2944
15,-25,7/9/2021 14:00,1713
13,-17,7/9/2021 14:05,1654
21,-21,7/9/2021 15:01,5912
40,484,8/9/2021 12:07,2866
40,-29,8/9/2021 14:31,2837
48,329,9/9/2021 10:15,3184
48,-2,9/9/2021 12:39,3182
32,354,9/9/2021 16:10,5174
41,102,9/9/2021 17:15,1418
7,187,10/9/2021 14:36,2228
46,14,10/9/2021 15:27,3132
7,-24,10/9/2021 17:00,2204
46,-27,10/9/2021 17:51,3105
8,380,13/9/2021 10:59,2077
8,-26,13/9/2021 13:23,2051
26,173,14/9/2021 9:01,1724
25,102,14/9/2021 9:32,3046
16,-26,14/9/2021 10:24,3960
6,100,14/9/2021 10:28,4297
11,28,14/9/2021 10:44,3279
26,-22,14/9/2021 11:25,1702
9,47,14/9/2021 11:43,3792
25,-27,14/9/2021 11:56,3019
6,-30,14/9/2021 12:52,4267
11,-27,14/9/2021 13:08,3252
9,-3,14/9/2021 14:07,3789
3,-6,15/9/2021 10:33,1375
9,328,15/9/2021 16:11,4117
21,330,15/9/2021 17:50,6242
18,476,16/9/2021 9:11,2328
22,-13,16/9/2021 9:51,1341
18,-4,16/9/2021 11:35,2324
43,264,16/9/2021 14:51,2250
27,149,16/9/2021 16:41,2915
43,-8,16/9/2021 17:15,2242
19,190,17/9/2021 10:52,2006
19,-19,17/9/2021 13:16,1987
33,268,17/9/2021 13:40,3109
33,-22,17/9/2021 16:04,3087
31,-3,20/9/2021 8:59,2359
12,-22,20/9/2021 9:00,1444
30,264,20/9/2021 9:57,2408
33,483,20/9/2021 10:13,3570
29,106,20/9/2021 10:18,1226
30,-28,20/9/2021 12:21,2380
33,-1,20/9/2021 12:37,3569
29,-1,20/9/2021 12:42,1225
44,110,20/9/2021 15:27,2141
6,468,20/9/2021 16:28,4735
44,496,20/9/2021 16:38,2637
44,-17,20/9/2021 17:51,2620
5,-10,21/9/2021 10:15,1037
19,432,21/9/2021 13:05,2419
19,-13,21/9/2021 15:29,2406
42,138,21/9/2021 17:13,2403
7,140,22/9/2021 12:08,2344
15,150,22/9/2021 13:45,1863
7,-7,22/9/2021 14:32,2337
15,-9,22/9/2021 16:09,1854
7,130,22/9/2021 16:58,2467
44,417,22/9/2021 17:51,3037
50,324,23/9/2021 12:43,2728
8,181,23/9/2021 15:05,2232
50,-27,23/9/2021 15:07,2701
8,-17,23/9/2021 17:29,2215
5,48,24/9/2021 12:32,1085
45,276,24/9/2021 13:49,4263
5,-29,24/9/2021 14:56,1056
45,-21,24/9/2021 16:13,4242
7,249,27/9/2021 17:38,2716
35,378,27/9/2021 17:59,1430
5,261,28/9/2021 9:45,1317
5,-7,28/9/2021 12:09,1310
13,487,28/9/2021 12:29,2141
26,44,28/9/2021 13:46,1746
35,160,28/9/2021 13:48,1590
19,285,28/9/2021 13:58,2691
13,-13,28/9/2021 14:53,2128
26,-5,28/9/2021 16:10,1741
35,-22,28/9/2021 16:12,1568
19,-19,28/9/2021 16:22,2672
22,-17,29/9/2021 9:53,1324
7,161,29/9/2021 9:57,2877
43,-14,29/9/2021 11:14,2228
7,-6,29/9/2021 12:21,2871
50,29,29/9/2021 14:48,2730
10,233,29/9/2021 16:49,1723
50,-28,29/9/2021 17:12,2702
2,-1,30/9/2021 10:45,3386
26,459,30/9/2021 14:21,2200
13,322,30/9/2021 16:24,2450
26,-24,30/9/2021 16:45,2176
37,-3,1/10/2021 9:02,2585
9,122,1/10/2021 10:19,4239
48,90,1/10/2021 11:34,3272
9,-13,1/10/2021 12:43,4226
48,-1,1/10/2021 13:58,3271
32,419,4/10/2021 10:11,5593
32,-13,4/10/2021 12:35,5580
40,74,4/10/2021 16:52,2911
37,245,5/10/2021 10:07,2830
16,-2,5/10/2021 10:43,3958
29,396,5/10/2021 11:04,1621
37,-9,5/10/2021 12:31,2821
50,340,5/10/2021 12:53,3042
29,-4,5/10/2021 13:28,1617
50,-20,5/10/2021 15:17,3022
43,-8,6/10/2021 9:37,2220
34,-3,6/10/2021 9:57,2966
40,91,6/10/2021 10:05,3002
40,-28,6/10/2021 12:29,2974
8,170,7/10/2021 12:45,2385
7,199,7/10/2021 13:50,3070
8,-6,7/10/2021 15:09,2379
7,-17,7/10/2021 16:14,3053
41,206,7/10/2021 16:53,1624
19,185,8/10/2021 12:44,2857
3,336,8/10/2021 13:46,1711
19,-19,8/10/2021 15:08,2838
3,-6,8/10/2021 16:10,1705
44,493,8/10/2021 16:16,3530
15,455,11/10/2021 9:10,2309
4,-12,11/10/2021 9:53,2032
35,-24,11/10/2021 10:17,1544
15,-14,11/10/2021 11:34,2295
2,95,11/10/2021 12:53,3481
2,-23,11/10/2021 15:17,3458
3,61,11/10/2021 16:08,1766
12,174,11/10/2021 16:15,1618
24,413,11/10/2021 17:35,2163
7,415,12/10/2021 9:10,3468
28,-20,12/10/2021 9:39,3794
3,-6,12/10/2021 10:11,1760
24,459,12/10/2021 10:12,2622
7,-9,12/10/2021 11:34,3459
38,219,12/10/2021 11:35,774
24,-6,12/10/2021 12:36,2616
38,-8,12/10/2021 13:59,766
30,450,12/10/2021 14:00,2830
30,-7,12/10/2021 16:24,2823
16,112,13/10/2021 9:40,4070
46,269,13/10/2021 9:46,3374
39,-16,13/10/2021 10:49,3051
26,479,13/10/2021 11:12,2655
16,-25,13/10/2021 12:04,4045
46,-9,13/10/2021 12:10,3365
26,-16,13/10/2021 13:36,2639
11,267,13/10/2021 14:19,3519
23,263,13/10/2021 15:46,2420
5,403,13/10/2021 16:21,1713
11,-29,13/10/2021 16:43,3490
30,425,13/10/2021 17:29,3248
11,210,13/10/2021 17:50,3700
28,316,14/10/2021 9:35,4110
49,94,14/10/2021 9:36,1233
45,483,14/10/2021 9:41,4725
24,423,14/10/2021 9:56,3039
14,94,14/10/2021 10:42,1617
28,-18,14/10/2021 11:59,4092
49,-12,14/10/2021 12:00,1221
45,-23,14/10/2021 12:05,4702
24,-21,14/10/2021 12:20,3018
14,-26,14/10/2021 13:06,1591
44,416,14/10/2021 13:11,3946
28,327,14/10/2021 13:14,4419
27,422,14/10/2021 15:11,3337
44,-25,14/10/2021 15:35,3921
28,-2,14/10/2021 15:38,4417
10,198,14/10/2021 16:20,1921
27,-18,14/10/2021 17:35,3319
25,-30,15/10/2021 11:16,2989
29,347,15/10/2021 11:58,1964
31,475,15/10/2021 12:24,2834
29,-2,15/10/2021 14:22,1962
31,-28,15/10/2021 14:48,2806
20,486,15/10/2021 14:52,2633
31,431,15/10/2021 17:07,3237
20,-24,15/10/2021 17:16,2609
17,260,18/10/2021 9:09,2592
17,-13,18/10/2021 11:33,2579
44,93,18/10/2021 14:55,4014
13,59,18/10/2021 16:18,2509
1,349,18/10/2021 16:33,1892
44,-8,18/10/2021 17:19,4006
10,292,18/10/2021 17:40,2213
38,-22,19/10/2021 10:15,744
20,459,19/10/2021 11:37,3068
29,92,19/10/2021 11:55,2054
20,-23,19/10/2021 14:01,3045
29,-30,19/10/2021 14:19,2024
21,317,20/10/2021 9:15,6559
46,-16,20/10/2021 9:25,3349
21,-10,20/10/2021 11:39,6549
1,140,20/10/2021 13:31,2032
45,314,20/10/2021 13:47,5016
1,-21,20/10/2021 15:55,2011
45,-5,20/10/2021 16:11,5011
40,386,20/10/2021 17:13,3360
3,213,21/10/2021 10:11,1973
9,-9,21/10/2021 10:28,4217
12,-30,21/10/2021 11:08,1588
3,-25,21/10/2021 12:35,1948
47,-23,22/10/2021 9:07,2210
22,-8,22/10/2021 10:38,1316
19,-14,22/10/2021 10:40,2824
33,-23,22/10/2021 10:49,3546
10,378,22/10/2021 12:26,2591
10,-8,22/10/2021 14:50,2583
48,488,25/10/2021 9:15,3759
47,338,25/10/2021 9:19,2548
48,-7,25/10/2021 11:39,3752
47,-3,25/10/2021 11:43,2545
43,244,25/10/2021 11:56,2464
47,262,25/10/2021 12:39,2807
43,-7,25/10/2021 14:20,2457
47,-22,25/10/2021 15:03,2785
28,133,26/10/2021 10:04,4550
5,8,26/10/2021 10:18,1721
28,-14,26/10/2021 12:28,4536
5,-2,26/10/2021 12:42,1719
34,369,27/10/2021 9:08,3335
47,468,27/10/2021 10:44,3253
34,-20,27/10/2021 11:32,3315
45,168,27/10/2021 12:45,5179
47,-14,27/10/2021 13:08,3239
45,-29,27/10/2021 15:09,5150
16,97,27/10/2021 15:23,4142
10,457,27/10/2021 16:45,3040
19,393,27/10/2021 17:43,3217
16,-9,27/10/2021 17:47,4133
44,199,27/10/2021 17:55,4205
19,442,28/10/2021 9:47,3659
19,-20,28/10/2021 12:11,3639
5,106,28/10/2021 13:02,1825
15,164,28/10/2021 13:13,2459
15,156,28/10/2021 13:34,2615
5,-18,28/10/2021 15:26,1807
15,-7,28/10/2021 15:37,2608
15,-28,28/10/2021 15:58,2580
11,73,28/10/2021 17:54,3773
3,71,29/10/2021 9:01,2019
34,-28,29/10/2021 9:39,3287
19,-20,29/10/2021 9:47,3619
10,-1,29/10/2021 9:55,3039
4,455,29/10/2021 9:59,2487
17,-20,29/10/2021 11:09,2559
3,-14,29/10/2021 11:25,2005
4,-6,29/10/2021 12:23,2481
1,460,29/10/2021 12:24,2471
50,284,29/10/2021 14:34,3306
1,-6,29/10/2021 14:48,2465
50,-16,29/10/2021 16:58,3290
3,411,29/10/2021 17:30,2416
50,151,29/10/2021 17:46,3441
47,-6,1/11/2021 10:41,3233
43,65,1/11/2021 14:41,2522
43,-17,1/11/2021 17:05,2505
17,236,2/11/2021 10:05,2795
17,-13,2/11/2021 12:29,2782
18,9,2/11/2021 17:20,2333
40,-30,3/11/2021 9:55,3330
27,359,3/11/2021 11:41,3678
27,-7,3/11/2021 14:05,3671
45,327,3/11/2021 16:23,5477
39,44,3/11/2021 17:01,3095
31,333,4/11/2021 13:42,3570
31,-6,4/11/2021 16:06,3564
23,55,4/11/2021 16:13,2475
12,122,4/11/2021 16:31,1710
45,-11,5/11/2021 10:07,5466
11,-17,5/11/2021 10:08,3756
49,-13,5/11/2021 10:52,1208
43,69,5/11/2021 10:58,2574
43,-11,5/11/2021 13:22,2563
37,461,5/11/2021 16:42,3282
27,248,5/11/2021 17:46,3919
29,294,8/11/2021 9:46,2318
27,-10,8/11/2021 10:05,3909
29,-23,8/11/2021 12:10,2295
13,-11,9/11/2021 10:14,2498
30,253,9/11/2021 10:26,3501
1,-25,9/11/2021 10:41,2440
1,366,9/11/2021 12:33,2806
30,-20,9/11/2021 12:50,3481
1,-21,9/11/2021 14:57,2785
26,311,9/11/2021 15:05,2950
8,173,9/11/2021 16:27,2552
39,33,9/11/2021 17:11,3128
26,-30,9/11/2021 17:29,2920
18,129,9/11/2021 17:56,2462
36,193,10/11/2021 16:17,1625
39,26,11/11/2021 9:44,3154
39,-18,11/11/2021 12:08,3136
5,371,11/11/2021 14:35,2178
23,341,11/11/2021 14:58,2816
5,-10,11/11/2021 16:59,2168
23,-10,11/11/2021 17:22,2806
45,335,12/11/2021 9:27,5801
45,-4,12/11/2021 11:51,5797
26,103,12/11/2021 12:17,3023
26,-30,12/11/2021 14:41,2993
36,404,12/11/2021 15:36,2029
40,223,12/11/2021 17:18,3553
48,296,15/11/2021 9:32,4048
48,-15,15/11/2021 11:56,4033
2,154,15/11/2021 13:45,3612
30,234,15/11/2021 14:50,3715
2,-29,15/11/2021 16:09,3583
30,-16,15/11/2021 17:14,3699
8,-23,16/11/2021 9:05,2529
6,381,17/11/2021 8:58,5116
24,-20,17/11/2021 9:26,2998
49,46,17/11/2021 9:58,1254
13,315,17/11/2021 10:24,2813
23,-9,17/11/2021 10:41,2797
3,154,17/11/2021 11:04,2570
6,-23,17/11/2021 11:22,5093
15,51,17/11/2021 11:37,2631
49,-5,17/11/2021 12:22,1249
14,284,17/11/2021 12:43,1875
13,-23,17/11/2021 12:48,2790
3,-28,17/11/2021 13:28,2542
15,-29,17/11/2021 14:01,2602
21,140,17/11/2021 14:24,6689
21,10,17/11/2021 14:42,6699
14,-30,17/11/2021 15:07,1845
5,39,17/11/2021 16:31,2207
21,-9,17/11/2021 16:48,6690
24,69,17/11/2021 16:59,3067
21,-27,17/11/2021 17:06,6663
22,370,18/11/2021 17:31,1686
21,47,19/11/2021 9:29,6710
47,-24,19/11/2021 10:28,3209
21,-11,19/11/2021 11:53,6699
48,229,19/11/2021 11:54,4262
48,-19,19/11/2021 14:18,4243
39,463,19/11/2021 14:27,3599
48,59,19/11/2021 15:13,4302
5,487,19/11/2021 16:47,2694
39,-16,19/11/2021 16:51,3583
40,447,19/11/2021 16:54,4000
48,-20,19/11/2021 17:37,4282
34,-22,22/11/2021 9:16,3265
18,288,22/11/2021 10:28,2750
18,-7,22/11/2021 12:52,2743
34,96,22/11/2021 15:19,3361
22,263,22/11/2021 16:25,1949
34,-17,22/11/2021 17:43,3344
21,-11,23/11/2021 10:32,6688
42,-15,23/11/2021 11:10,2388
38,176,23/11/2021 12:21,920
15,314,23/11/2021 12:34,2916
38,-24,23/11/2021 14:45,896
15,-18,23/11/2021 14:58,2898
25,340,23/11/2021 16:59,3329
42,-14,24/11/2021 10:55,2374
37,383,24/11/2021 13:04,3665
37,-7,24/11/2021 15:28,3658
48,-28,25/11/2021 9:51,4254
37,-1,25/11/2021 11:16,3657
6,-3,26/11/2021 9:31,5090
24,-4,29/11/2021 10:29,3063
28,252,29/11/2021 13:33,4788
48,225,29/11/2021 13:38,4479
28,-29,29/11/2021 15:57,4759
48,-11,29/11/2021 16:02,4468
31,146,30/11/2021 13:01,3710
3,269,30/11/2021 14:35,2811
8,4,30/11/2021 15:16,2533
31,-6,30/11/2021 15:25,3704
3,-11,30/11/2021 16:59,2800
8,-10,30/11/2021 17:40,2523
31,-4,1/12/2021 9:51,3700
30,448,1/12/2021 10:00,4147
4,477,1/12/2021 10:18,2958
50,-16,1/12/2021 11:06,3425
30,-25,1/12/2021 12:24,4122
4,-5,1/12/2021 12:42,2953
7,347,1/12/2021 15:17,3806
48,176,1/12/2021 17:33,4644
7,-8,1/12/2021 17:41,3798
3,455,2/12/2021 9:44,3255
3,-29,2/12/2021 12:08,3226
28,10,2/12/2021 15:28,4769
19,442,2/12/2021 15:57,4061
40,151,2/12/2021 16:40,4151
28,-13,2/12/2021 17:52,4756
28,185,3/12/2021 11:00,4941
43,7,3/12/2021 12:28,2570
28,-1,3/12/2021 13:24,4940
43,-4,3/12/2021 14:52,2566
48,16,3/12/2021 15:38,4660
17,322,3/12/2021 15:46,3104
45,-8,6/12/2021 8:54,5789
49,367,6/12/2021 11:22,1616
26,309,6/12/2021 12:31,3302
49,-3,6/12/2021 13:46,1613
26,-12,6/12/2021 14:55,3290
33,13,6/12/2021 15:20,3559
33,-19,6/12/2021 17:44,3540
10,259,7/12/2021 14:51,3298
26,76,7/12/2021 16:59,3366
10,-29,7/12/2021 17:15,3269
30,405,8/12/2021 14:51,4527
37,76,8/12/2021 15:11,3733
30,-7,8/12/2021 17:15,4520
37,-4,8/12/2021 17:35,3729
31,-24,9/12/2021 9:05,3676
35,242,9/12/2021 9:52,1786
37,152,9/12/2021 10:07,3881
47,-26,9/12/2021 10:28,3183
23,-10,9/12/2021 11:11,2787
18,90,9/12/2021 11:20,2833
35,-23,9/12/2021 12:16,1763
37,-10,9/12/2021 12:31,3871
47,32,9/12/2021 13:27,3215
18,-4,9/12/2021 13:44,2829
21,444,9/12/2021 13:45,7132
8,303,9/12/2021 14:26,2826
12,499,9/12/2021 15:14,2209
47,-19,9/12/2021 15:51,3196
21,-2,9/12/2021 16:09,7130
43,181,9/12/2021 16:31,2747
8,-24,9/12/2021 16:50,2802
48,256,9/12/2021 17:37,4916
12,-21,9/12/2021 17:38,2188
31,257,9/12/2021 17:45,3933
11,-9,10/12/2021 8:55,3747
43,147,10/12/2021 9:38,2894
42,-20,10/12/2021 9:49,2354
9,-12,10/12/2021 10:26,4205
7,399,10/12/2021 11:12,4197
43,-25,10/12/2021 12:02,2869
7,-16,10/12/2021 13:36,4181
42,176,10/12/2021 16:40,2530
24,-26,13/12/2021 10:47,3037
39,291,13/12/2021 17:12,3874
10,-16,14/12/2021 10:57,3253
2,228,14/12/2021 11:32,3811
5,22,14/12/2021 12:11,2716
2,-24,14/12/2021 13:56,3787
5,-2,14/12/2021 14:35,2714
5,400,14/12/2021 16:43,3114
2,109,14/12/2021 17:56,3896
29,8,15/12/2021 9:55,2303
29,-3,15/12/2021 10:35,2300
8,419,15/12/2021 11:46,3221
29,-16,15/12/2021 12:19,2284
8,-28,15/12/2021 14:10,3193
21,281,15/12/2021 17:24,7411
25,143,16/12/2021 9:31,3472
12,-12,16/12/2021 10:20,2176
25,-6,16/12/2021 11:55,3466
25,284,16/12/2021 12:50,3750
50,399,16/12/2021 15:07,3824
25,-20,16/12/2021 15:14,3730
39,151,16/12/2021 15:21,4025
46,15,16/12/2021 16:23,3364
50,-28,16/12/2021 17:31,3796
39,-11,16/12/2021 17:45,4014
32,-9,17/12/2021 10:12,5571
1,38,17/12/2021 11:07,2823
1,-27,17/12/2021 13:31,2796
27,403,17/12/2021 17:25,4312
32,38,20/12/2021 8:55,5609
29,378,20/12/2021 10:44,2662
36,-8,20/12/2021 11:04,2021
49,-24,20/12/2021 11:07,1589
32,-16,20/12/2021 11:19,5593
44,143,20/12/2021 12:41,4348
29,-23,20/12/2021 13:08,2639
40,181,20/12/2021 13:38,4332
44,-5,20/12/2021 15:05,4343
40,-25,20/12/2021 16:02,4307
17,205,20/12/2021 16:04,3309
45,173,20/12/2021 17:37,5962
40,51,21/12/2021 11:34,4358
40,-26,21/12/2021 13:58,4332
29,423,22/12/2021 8:56,3062
5,430,22/12/2021 8:59,3544
19,453,22/12/2021 9:20,4514
19,92,22/12/2021 10:13,4606
22,239,22/12/2021 11:18,2188
29,-29,22/12/2021 11:20,3033
5,-30,22/12/2021 11:23,3514
19,-8,22/12/2021 11:44,4598
19,-4,22/12/2021 12:37,4594
22,-2,22/12/2021 13:42,2186
31,417,22/12/2021 16:36,4350
3,27,23/12/2021 13:48,3253
30,135,23/12/2021 14:35,4655
32,466,23/12/2021 15:15,6059
47,91,23/12/2021 16:03,3287
3,-7,23/12/2021 16:12,3246
30,-3,23/12/2021 16:59,4652
32,-11,23/12/2021 17:39,6048
47,-24,24/12/2021 8:58,3263
27,495,24/12/2021 17:13,4807
29,-15,27/12/2021 11:03,3018
22,204,27/12/2021 12:07,2390
22,-16,27/12/2021 14:31,2374
11,498,28/12/2021 15:42,4245
18,62,28/12/2021 15:44,2891
46,175,28/12/2021 16:34,3539
21,112,29/12/2021 9:06,7523
21,-25,29/12/2021 11:30,7498
22,137,30/12/2021 10:14,2511
12,-29,30/12/2021 11:14,2147
22,-1,30/12/2021 12:38,2510
28,296,31/12/2021 9:25,5236
5,-27,31/12/2021 10:02,3487
28,-10,31/12/2021 11:49,5226
41,152,31/12/2021 17:50,1776